Work Item Type,Title,Description,Acceptance Criteria,Priority,State,Tags
Epic,Application QA Testing,"Développer une application React avec des bugs intentionnels pour former les équipes QA aux tests manuels","• Application fonctionnelle avec interface utilisateur complète<br/>• Documentation des bugs intentionnels fournie<br/>• Environnement de test opérationnel<br/>• Formation QA possible sur différents types de bugs",1,New,"Epic;QA;Formation"
Feature,Gestion des Utilisateurs,Permettre la gestion complète des utilisateurs,"• L'utilisateur peut ajouter, modifier, supprimer et consulter les utilisateurs<br/>• Validation des données<br/>• Persistance en session",1,New,"Feature;Users;CRUD"
Feature,Système de Compteur,Fournir un compteur interactif,"• Compteur avec incrémentation, décrémentation et reset<br/>• Limitations et alertes<br/>• Interface responsive",2,New,"Feature;Counter;Interactive"
Feature,Catalogue Produits,Afficher une liste de produits avec fonctionnalités avancées,"• Liste produits avec recherche, tri, filtrage et achat<br/>• Performance optimisée<br/>• Interface adaptative",1,New,"Feature;Products;Search;Sort"
Feature,Interface et Thème,Fournir une interface utilisateur moderne et accessible,"• Interface responsive avec thèmes multiples<br/>• Accessibilité WCAG<br/>• États de chargement",2,New,"Feature;UI;Theme;Responsive"
Feature,Gestion des Erreurs,Système complet de gestion et affichage des erreurs,"• Messages d'erreur contextuels<br/>• Gestion des exceptions<br/>• Logging des erreurs",2,New,"Feature;Error;Handling"
User Story,Ajout d'un utilisateur,"En tant qu'administrateur, je veux ajouter un nouvel utilisateur afin d'enrichir ma base d'utilisateurs","<b>Critères fonctionnels :</b><br/>• Le formulaire contient nom, email, âge<br/>• Validation en temps réel<br/>• Confirmation d'ajout<br/>• Auto-clear du formulaire<br/><br/><b>Règles de gestion :</b><br/>• Nom : 2-50 caractères, lettres, espaces, traits d'union uniquement<br/>• Email : format RFC5322 obligatoire<br/>• Âge : 0-150 ans (optionnel)<br/>• ID auto-généré unique<br/>• Limite 1000 utilisateurs max<br/>• Pas de doublons email",1,New,"PBI;Add;Form;Validation"
User Story,Modification d'un utilisateur,"En tant qu'administrateur, je veux modifier les informations d'un utilisateur afin de maintenir les données à jour","<b>Critères fonctionnels :</b><br/>• Bouton modifier sur chaque carte<br/>• Formulaire pré-rempli<br/>• Sauvegarde instantanée<br/>• Validation identique à l'ajout<br/><br/><b>Règles de gestion :</b><br/>• Mêmes règles que création<br/>• Conservation de l'ID original<br/>• Horodatage de modification<br/>• Vérification unicité email lors modification",2,New,"PBI;Edit;Update;Validation"
User Story,Suppression d'un utilisateur,"En tant qu'administrateur, je veux supprimer un utilisateur afin de maintenir ma liste à jour","<b>Critères fonctionnels :</b><br/>• Bouton supprimer avec confirmation<br/>• Modal de confirmation explicite<br/>• Possibilité d'annulation<br/>• Suppression immédiate<br/><br/><b>Règles de gestion :</b><br/>• Confirmation obligatoire avec nom utilisateur<br/>• Délai grâce 5 secondes avec bouton annuler<br/>• Suppression définitive sans récupération<br/>• ID supprimé non réutilisable<br/>• Journal des suppressions en session",1,New,"PBI;Delete;Confirmation;Modal"
User Story,Recherche d'utilisateurs,"En tant qu'administrateur, je veux rechercher des utilisateurs afin de les trouver rapidement","<b>Critères fonctionnels :</b><br/>• Champ de recherche multi-critères<br/>• Recherche temps réel<br/>• Surlignage des résultats<br/>• Message si aucun résultat<br/><br/><b>Règles de gestion :</b><br/>• Recherche dès 1er caractère<br/>• Insensible casse et accents<br/>• Recherche sur nom et email<br/>• Délai 300ms après arrêt saisie<br/>• Limite 100 caractères<br/>• Historique recherche en session",2,New,"PBI;Search;Users;RealTime"
User Story,Tri des utilisateurs,"En tant qu'administrateur, je veux trier les utilisateurs afin de les organiser selon mes critères","<b>Critères fonctionnels :</b><br/>• Menu déroulant avec options multiples<br/>• Tri par nom, email, âge, date création<br/>• Ordre croissant/décroissant<br/>• Conservation lors recherche<br/><br/><b>Règles de gestion :</b><br/>• Tri par défaut par nom A-Z<br/>• Tri insensible casse<br/>• Tri secondaire par ID en cas égalité<br/>• Application immédiate<br/>• Conservation choix pendant session",3,New,"PBI;Sort;Users;Multiple"
User Story,Pagination des utilisateurs,"En tant qu'administrateur, je veux paginer la liste des utilisateurs afin d'améliorer les performances","<b>Critères fonctionnels :</b><br/>• Navigation par pages<br/>• Choix du nombre d'éléments par page<br/>• Indicateurs de position<br/>• Raccourcis clavier<br/><br/><b>Règles de gestion :</b><br/>• 10 utilisateurs par page par défaut<br/>• Options 5-10-25-50 par page<br/>• Navigation clavier fléchés<br/>• Numérotation 1-N<br/>• Conservation page lors filtrage",3,New,"PBI;Pagination;Performance;Navigation"
User Story,Recherche de produits,"En tant qu'utilisateur, je veux rechercher des produits afin de trouver rapidement ce qui m'intéresse","<b>Critères fonctionnels :</b><br/>• Champ recherche visible<br/>• Recherche temps réel<br/>• Filtrage instantané<br/>• Message absence résultats<br/><br/><b>Règles de gestion :</b><br/>• Recherche dès 1 caractère<br/>• Insensible casse accents<br/>• Recherche nom uniquement<br/>• Délai 300ms<br/>• Caractères spéciaux échappés<br/>• Limite 100 caractères<br/>• Historique session",1,New,"PBI;Search;Products;RealTime"
User Story,Tri des produits,"En tant qu'utilisateur, je veux trier les produits afin de les organiser selon mes préférences","<b>Critères fonctionnels :</b><br/>• Menu déroulant nom et prix<br/>• Tri alphabétique A-Z<br/>• Tri prix croissant<br/>• Application immédiate<br/><br/><b>Règles de gestion :</b><br/>• Tri par défaut nom alphabétique<br/>• Insensible casse accents<br/>• Tri prix secondaire par nom si égalité<br/>• Application sur résultats filtrés<br/>• Conservation choix recherche",2,New,"PBI;Sort;Products;Dropdown"
User Story,Filtrage par catégorie,"En tant qu'utilisateur, je veux filtrer les produits par catégorie afin de naviguer plus facilement","<b>Critères fonctionnels :</b><br/>• Liste des catégories disponibles<br/>• Filtrage par sélection<br/>• Combinaison avec recherche<br/>• Compteur par catégorie<br/><br/><b>Règles de gestion :</b><br/>• Affichage toutes catégories existantes<br/>• Comptage dynamique produits par catégorie<br/>• Filtre ""Toutes"" par défaut<br/>• Combinable avec recherche et tri<br/>• Reset facile",2,New,"PBI;Filter;Category;Navigation"
User Story,Affichage détaillé produit,"En tant qu'utilisateur, je veux voir les détails d'un produit afin de prendre une décision éclairée","<b>Critères fonctionnels :</b><br/>• Modal ou page détail<br/>• Informations complètes<br/>• Images si disponibles<br/>• Bouton achat prominent<br/><br/><b>Règles de gestion :</b><br/>• Modal overlay avec fermeture ESC<br/>• Informations nom, prix, catégorie, description<br/>• Navigation produit précédent/suivant<br/>• Fermeture clic extérieur<br/>• Bouton achat dans modal",2,New,"PBI;Details;Modal;Product"
User Story,Panier d'achat,"En tant qu'utilisateur, je veux ajouter des produits au panier afin de gérer mes achats","<b>Critères fonctionnels :</b><br/>• Ajout au panier depuis liste<br/>• Indicateur nombre articles<br/>• Gestion quantités<br/>• Total dynamique<br/><br/><b>Règles de gestion :</b><br/>• Persistence panier en session<br/>• Quantité minimum 1, maximum 99<br/>• Calcul total automatique<br/>• Suppression articles possible<br/>• Vidage panier complet<br/>• Limite 50 articles différents",1,New,"PBI;Cart;Shopping;Management"
User Story,Processus d'achat,"En tant qu'utilisateur, je veux finaliser mon achat afin de compléter ma commande","<b>Critères fonctionnels :</b><br/>• Récapitulatif commande<br/>• Formulaire informations<br/>• Confirmation achat<br/>• Numéro commande<br/><br/><b>Règles de gestion :</b><br/>• Simulation achat uniquement<br/>• Génération numéro commande unique<br/>• Sauvegarde commande en session<br/>• Email confirmation simulé<br/>• Reset panier après achat<br/>• Historique commandes",1,New,"PBI;Purchase;Checkout;Simulation"
User Story,Utilisation du compteur,"En tant qu'utilisateur, je veux utiliser un compteur afin de compter des éléments","<b>Critères fonctionnels :</b><br/>• Affichage valeur claire<br/>• Boutons plus, moins, reset<br/>• Messages contextuels<br/>• Limitations<br/><br/><b>Règles de gestion :</b><br/>• Valeur initiale 0<br/>• Minimum 0, maximum 999<br/>• Incrémentation par 1<br/>• Message alerte si valeur supérieure 10<br/>• Bouton moins désactivé à 0<br/>• Bouton plus désactivé à 999<br/>• Reset obligatoirement à 0<br/>• Anti-spam clics 100ms",2,New,"PBI;Counter;Buttons;Limits"
User Story,Historique du compteur,"En tant qu'utilisateur, je veux voir l'historique du compteur afin de suivre mes actions","<b>Critères fonctionnels :</b><br/>• Affichage dernières actions<br/>• Horodatage des modifications<br/>• Possibilité de reset historique<br/>• Export simple<br/><br/><b>Règles de gestion :</b><br/>• Conservation 50 dernières actions<br/>• Format Heure-Action-Valeur<br/>• Reset historique indépendant du compteur<br/>• Persistence en session uniquement<br/>• Affichage chronologique inverse",3,New,"PBI;Counter;History;Tracking"
User Story,Mode sombre,"En tant qu'utilisateur, je veux activer le mode sombre afin de réduire la fatigue oculaire","<b>Critères fonctionnels :</b><br/>• Bouton basculement visible<br/>• Icône claire<br/>• Adaptation complète interface<br/>• Contraste respecté<br/><br/><b>Règles de gestion :</b><br/>• Mode clair par défaut<br/>• Conservation choix session<br/>• Contraste WCAG AA minimum 4.5:1<br/>• Transition fluide 0.3s max<br/>• Icône lune mode clair, soleil mode sombre<br/>• Tous composants adaptés<br/>• Couleurs fond #333333, texte #FFFFFF",3,New,"PBI;DarkMode;Theme;Accessibility"
User Story,Thèmes personnalisés,"En tant qu'utilisateur, je veux choisir parmi plusieurs thèmes afin de personnaliser l'interface","<b>Critères fonctionnels :</b><br/>• Sélecteur de thèmes<br/>• Aperçu en temps réel<br/>• Thèmes prédéfinis<br/>• Sauvegarde préférence<br/><br/><b>Règles de gestion :</b><br/>• 4 thèmes minimum (Clair, Sombre, Bleu, Vert)<br/>• Aperçu instantané lors survol<br/>• Sauvegarde automatique choix<br/>• Application immédiate<br/>• Reset au thème par défaut possible",3,New,"PBI;Themes;Customization;Personalization"
User Story,Interface responsive,"En tant qu'utilisateur, je veux une interface adaptée à tous les écrans afin d'utiliser l'app sur tous mes appareils","<b>Critères fonctionnels :</b><br/>• Adaptation mobile, tablette, desktop<br/>• Navigation optimisée<br/>• Lisibilité garantie<br/>• Performance maintenue<br/><br/><b>Règles de gestion :</b><br/>• Breakpoints 768px, 1024px<br/>• Navigation hamburger mobile<br/>• Grilles adaptatives<br/>• Texte minimum 14px mobile<br/>• Touch targets 44px minimum<br/>• Images responsives",2,New,"PBI;Responsive;Mobile;Tablet"
User Story,Raccourcis clavier,"En tant qu'utilisateur, je veux utiliser des raccourcis clavier afin d'améliorer ma productivité","<b>Critères fonctionnels :</b><br/>• Raccourcis principaux fonctions<br/>• Indication visuelle<br/>• Aide contextuelle<br/>• Navigation complète<br/><br/><b>Règles de gestion :</b><br/>• Tab pour navigation<br/>• Entrée pour validation<br/>• Espace pour sélection<br/>• Escape pour annulation<br/>• F1 pour aide<br/>• Alt + lettre pour menus<br/>• Indication focus visible",3,New,"PBI;Keyboard;Shortcuts;Accessibility"
User Story,Messages d'erreur contextuels,"En tant qu'utilisateur, je veux des messages d'erreur clairs afin de comprendre et corriger les problèmes","<b>Critères fonctionnels :</b><br/>• Messages spécifiques par erreur<br/>• Positionnement proche du problème<br/>• Actions correctives suggérées<br/>• Durée affichage adaptée<br/><br/><b>Règles de gestion :</b><br/>• Messages en français<br/>• Durée 5 secondes pour infos, 10 pour erreurs<br/>• Position proche champ concerné<br/>• Couleur rouge pour erreurs, orange pour alertes<br/>• Actions suggérées dans message",2,New,"PBI;Error;Messages;UX"
User Story,Notifications système,"En tant qu'utilisateur, je veux recevoir des notifications afin d'être informé des actions importantes","<b>Critères fonctionnels :</b><br/>• Toast notifications<br/>• Différents types<br/>• File d'attente<br/>• Fermeture manuelle ou auto<br/><br/><b>Règles de gestion :</b><br/>• 4 types : Info, Success, Warning, Error<br/>• Position top-right<br/>• Auto-fermeture 3-5-7 secondes selon type<br/>• File max 5 notifications<br/>• Fermeture manuelle X<br/>• Couleurs distinctes par type",2,New,"PBI;Notifications;Toast;System"
User Story,États de chargement,"En tant qu'utilisateur, je veux voir les états de chargement afin de comprendre que l'application travaille","<b>Critères fonctionnels :</b><br/>• Spinners pour actions longues<br/>• Barres de progression<br/>• Messages informatifs<br/>• Possibilité annulation<br/><br/><b>Règles de gestion :</b><br/>• Spinner dès 500ms d'attente<br/>• Barre progression pour actions longues<br/>• Messages type ""Chargement en cours""<br/>• Bouton annulation si possible<br/>• Animation fluide non bloquante",2,New,"PBI;Loading;Progress;UX"
User Story,Sauvegarde automatique,"En tant qu'utilisateur, je veux que mes données soient sauvegardées automatiquement afin de ne pas les perdre","<b>Critères fonctionnels :</b><br/>• Sauvegarde transparente<br/>• Indicateur de statut<br/>• Récupération après crash<br/>• Notification succès/échec<br/><br/><b>Règles de gestion :</b><br/>• Sauvegarde toutes les 30 secondes<br/>• LocalStorage comme fallback<br/>• Indicateur visuel sauvegarde<br/>• Message confirmation<br/>• Récupération au rechargement page",3,New,"PBI;AutoSave;Persistence;Recovery"
User Story,Mode hors ligne,"En tant qu'utilisateur, je veux continuer à utiliser l'app hors ligne afin de maintenir ma productivité","<b>Critères fonctionnels :</b><br/>• Détection connexion<br/>• Cache intelligent<br/>• Synchronisation retour<br/>• Messages informatifs<br/><br/><b>Règles de gestion :</b><br/>• Détection navigator.onLine<br/>• Cache données essentielles<br/>• Mode lecture seule hors ligne<br/>• Queue actions pour sync<br/>• Message statut connexion<br/>• Sync automatique retour ligne",3,New,"PBI;Offline;Cache;Sync"
User Story,Aide contextuelle,"En tant qu'utilisateur, je veux accéder à l'aide contextuelle afin de comprendre les fonctionnalités","<b>Critères fonctionnels :</b><br/>• Tooltips informatifs<br/>• Guide interactif<br/>• FAQ intégrée<br/>• Recherche dans aide<br/><br/><b>Règles de gestion :</b><br/>• Tooltips au survol 2 secondes<br/>• Guide étapes par étapes<br/>• FAQ par sections<br/>• Recherche full-text<br/>• Fermeture ESC ou clic extérieur<br/>• Aide accessible F1",3,New,"PBI;Help;Tooltips;Guide"
User Story,Export des données,"En tant qu'administrateur, je veux exporter les données afin de les analyser ou sauvegarder","<b>Critères fonctionnels :</b><br/>• Export utilisateurs et commandes<br/>• Formats multiples CSV, JSON<br/>• Filtrage des données<br/>• Progression export<br/><br/><b>Règles de gestion :</b><br/>• Formats CSV, JSON, XML<br/>• Export total ou filtré<br/>• Nom fichier avec timestamp<br/>• Progression pour gros volumes<br/>• Limite 10000 enregistrements<br/>• Encodage UTF-8",3,New,"PBI;Export;Data;Backup"
User Story,Import des données,"En tant qu'administrateur, je veux importer des données afin de peupler l'application","<b>Critères fonctionnels :</b><br/>• Import fichiers CSV<br/>• Validation données<br/>• Aperçu avant import<br/>• Gestion erreurs<br/><br/><b>Règles de gestion :</b><br/>• Format CSV avec headers<br/>• Validation avant import<br/>• Aperçu 10 premières lignes<br/>• Rapport erreurs détaillé<br/>• Limite 1000 lignes par import<br/>• Encodage UTF-8 BOM",3,New,"PBI;Import;Data;Validation"
User Story,Statistiques d'usage,"En tant qu'administrateur, je veux voir les statistiques d'usage afin de comprendre l'utilisation","<b>Critères fonctionnels :</b><br/>• Dashboard avec métriques<br/>• Graphiques interactifs<br/>• Période configurable<br/>• Export rapports<br/><br/><b>Règles de gestion :</b><br/>• Métriques sessions, pages vues, actions<br/>• Graphiques derniers 7-30-90 jours<br/>• Données temps réel<br/>• Export PDF, CSV<br/>• Anonymisation données personnelles",3,New,"PBI;Analytics;Dashboard;Metrics"